confirms,isis,libya,searchable,julian,sold,breaking,state,bombshell,weapons,hillary,clinton,syria,wikileaks,drops,emails
qatar,united,isis,worse,campaign,hillarys,media,hillary,funding,know,clinton,wikileaks,leaked,imagined,email
amadh,woman,isis,trump,voters,support,muslim,daily,dogfaced,hillary,muslims,abu,clinton,makmud,report,world,leader,alalwani
votes,clinton,ballot,breaking,state,democrat,discovered,fraudulent,boxes,election,tens,ohio,thousands,prince,franklin
refuse,trump,office,means,taking,team,leave,elected,family,vote,president,white,confirms,asked,obama
website,group,trump,3500,donald,paid,protesters,debunking,protest,protester,horner,rally,speaks,think,trumps
confirms,isis,libya,searchable,julian,sold,breaking,state,bombshell,weapons,hillary,clinton,syria,wikileaks,drops,emails
clinton,launch,nuclear,national,liberty,debate,sources,secret,officials,intelligence,announces,furious,order,pentagon,response
case,director,hillarys,power,james,reopened,trey,gowdy,hillary,comey,clinton,scandal,hell,fbi,email,immunity
information,classified,20,launch,nuclear,point,hey,americas,hillary,important,debatenight,thanks,telling,world,twitchycom,response,theres
inappropriately,week,queen,trump,started,rupaul,1990s,daily,recording,donald,touched,claims,report,world,women,sexual,know
firm,scandals,program,clinton,hartson,khan,hillarys,immigration,legal,hillary,khizr,saudi,khans,terror,tie,law,hogan,clintons
set,clinton,reportedly,associate,far,ashe,breaking,list,testify,dead,seng,source,hillary,death,died,added,clintons
2016,fraud,clinton,stanford,university,confirms,evidence,states,paper,election,witnessing,democratic,secretary
traditional,overturn,trump,gay,ill,states,favor,donald,marriage,decide,world,shocking,trust,decision,best
hannity,north,trump,reportedly,stranded,stickney,spent,pics,donald,storm,transport,way,planes,marines,told,sent,carolina
case,prime,ready,trump,living,receive,miley,american,daily,cyrus,elected,donald,trudeau,minister,president,report,world,canada,refugees
purchase,domain,8668465160,sale,details,3392225115,buydomainscom,click,usadailypoliticscom
trump,upcoming,vice,win,males,picks,dash,vote,donald,election,whopping,president,white,poll,stacey,shes
sarah,climate,trump,degree,science,university,scientist,sources,say,offers,degrees,palin,honorary,nye
function,trump,choking,the_subheading,donald,critical,error,line,bullshit,condition,undefined
rush,end,campaign,bill,morris,looking,released,hillary,looks,clinton,president,hillarys,think
snorting,gonzalez,woman,hit,trump,room,caught,hotel,told,donald,video,internet,white,cocaine,asked,staff
partners,woman,clinton,power,bill,convenience,sex,hillary,marriage,longtime,baby,hillarys,mistress,women,lesbian,dolly
canada,given,trump,kilmeade,terrible,thats,state,know,claims,america,think,independence,history
sarah,position,trump,vice,win,realist,2nd,trail,running,mate,know,palin,president,think,presidential
set,clinton,reportedly,associate,far,ashe,breaking,list,testify,dead,seng,source,hillary,death,died,added,clintons
continues,death,clinton,ashe,official,stop,testify,dead,seng,hillary,set,president,theorists,fact
states,right,capitol,supremacist,trump,finnigan,shooter,identified,breaking,extremist,visitors,united,hill,white,wing,carried
christian,dolphin,arrested,japanese,children,angeles,los,protest,embassy,fappy,horner,antimasturbation,masturbation,public,mascot
group,trump,campaign,pay,violence,protesters,legal,donald,followers,know,fees,attack
status,united,tax,scientologys,scientology,states,revokes,church,told,religious,taxexempt
senators,needs,fccs,broadband,mbps,whine,att,insist,standard,bandwidth,fcc,25,national,net,telecommunications
arizona,hero,phoenix,atm,breaks,bill,unwittingly,murray,stopped,today,robbery,man,saw,bank,told
right,campaign,hes,bill,running,murray,bang,making,south,lot,president,kicks,world,told,think,presidential,carolina
unmasking,look,killer,ted,state,cruz,definitely,coded,truth,internet,zodiac
supreme,republicans,court,obamas,rights,justice,executive,told,appoints,hussain,muslim,signs,scalia,president,obama,order,rashad
clickbait,20,million,fox,site,calling,sues,homeless,fake,snopes,internet,article,lawsuit
doubting,trump,j,reason,reality,donald,lot,reporters,believed,president,believe,gop,obama
exhibit,website,domain,respondent,century,corporation,foxnewscomco,fox,articles,twentieth,v,horner,paul,film,parody
count,sanders,votes,clinton,superdelegates,rules,explained,delegates,hampshire,winning,current,steps,delegate,easy,vote,actually,bernie
summer,hes,series,announces,vince,breaking,gilligan,season,walt,bad,going,die,returns,told
bible,court,truth,quran,country,executive,hand,swear,muslim,signs,instead,told,oath,order,muslims,obama
sanders,voting,clinton,dnc,toss,men,flip,delegates,joint,investigation,video,involved,coin
sean,super,trump,debates,veterans,makeup,ted,donald,debate,cruz,doesnt,wear,oneonone,ups,stakes
state,trump,sheriff,vice,announces,support,running,donald,mate,joe,homeless,arpaio,presidential,trumps
wont,right,dont,business,food,youre,hey,going,youve,need,tell,remember
wont,reveals,right,star,dont,ratings,food,youre,hey,kellogg,going,health,cereal,youve,tell,remember
wont,going,remember,code,dont,bloat,food,dci,scalable,hey,right,youve,cases,tell,youre
wont,right,dont,launch,food,youre,hey,month,going,china,youve,xbox,tell,remember
maneuver,life,bill,choking,started,friends,saves,told,murray,performs,heimlich,saved,day,man
buy,13691,laws,orlando,gun,private,seller,waiting,mass,works,need,adderall,stricter,shooting,order,proof
obtained,used,kept,2003,neverland,ranch,michael,sex,trial,stockpile,radar,child,pornography,jackson,told
violence,group,told,executive,sale,gun,weapons,guns,assault,does,banning,signs,president,law,order,obama
right,group,human,cable,countries,internet,connects,nations,access,organization,way,changing,world
right,run,hes,announces,bill,told,actor,im,murray,reporters,president,2016,think,presidential,know
real,trump,wife,illegal,ted,cruz,debunking,donald,cruzs,know,endorse,president,country,makes,think,masturbation
billion,weve,instagram,deal,snapchats,media,dollars,social,snapchat,facebook,buys,app,users
trump,wife,illegal,ted,cruz,times,matter,donald,cruzs,endorse,ban,president,country,makes,think,masturbation
vans,abc,gay,mobile,abortion,great,legalization,marriage,wedding,horner,paul,bought,cashing,told
el,guzmn,mexican,working,escapes,chapo,debunking,site,drug,guzman,joaquin,officials,kingpin,prison
run,dont,restaurant,food,work,robots,scottsdale,robot,human,15hr,entirely,mcdonalds,told
campaign,amish,clinton,trump,guaranteeing,aab,work,community,mathematically,states,donald,victory,vote,commit,america,presidential
charlotte,north,state,game,cancels,antilgbt,transgender,person,allstar,surgery,nba,law,2017,carolina
bathroom,north,dont,state,told,hb2,governor,restroom,mccrory,hotline,sets,report,using,law,correct,carolina
powerball,winner,lottery,million,trenton,money,4296,winning,horner,im,jersey,forward,comes,numbers
charlotte,law,north,michael,state,does,jordan,goes,nba,carolina,hornets,hb2
trump,candidate,announces,mitt,breaking,romney,yesterday,yesterdaydonald,donald,race,allow,enter,world,presidential
