claim,trumps,investigating,trump,conway,intelligence,speculations,evidence,surrounding,kellyanne,dont,wiretapping,committee,house,president,morning,today,latest
provided,abc,network,videos,ventures,sitescopyright,breaking,responsible,purposes,external,internet,headlines,reference,latest
chemical,obamas,risk,deal,weapons,dictators,deals,attack,continue,reading,mr,main,syria,shows,obama
main,united,syria,takes,tillerson,hard,eve,russia,american,continue,mr,assad,line,reading,trip,trump
main,account,blinks,clash,twitter,unmask,free,summons,alt_uscis,continue,reading,antitrump,drops,company,order,posted
syrias,putin,trump,tillerson,support,drop,tell,chemical,officials,syria,assad,weapons,syrian,russia,secretary
declared,alexandria,pope,emergency,egyptian,egypt,church,sissi,state,palm,tanta,bombs,rock,coptic,churches,egypts,mass,christians
criticism,turmoil,finance,anc,sacks,africa,africas,african,political,zuma,gordhan,minister,faces,treasury,totally,south
swedish,copyright,image,refused,caption,attack,suspect,residency,vigil,truck,told,afp,stockholm
shell,deal,money,company,probe,bbc,evidence,nigerian,oil,payments,etete,president,nigeria,corruption
visas,selected,hit,processing,cap,days,applications,visa,petitions,premium,h1b,comes,subject
masters,reading,shot,birdie,lead,title,wins,sergio,holes,major,finally,continue,rose,2017,main,hole,garca
week,trump,disrupt,national,team,washington,leans,white,attack,trumps,house,consequential,security,establishment,weeks,vowed
mr,turning,winter,views,warns,traced,continue,think,book,reading,fourth,coming,howe,main,bannons,crisis,bannon
disclosure,staffers,documents,financial,trump,house,released,president,disclosures,white,ethics
uscis,months,premium,processing,process,agency,immigration,fast,applications,cant,visas,lose,h1b,applicants,millions
homes,sees,office,federal,ill,garaufis,adult,department,state,conspiracy,health,york,judge,thwart,residents,order,mentally,care
hhs,150000plus,innate,reported,sold,shares,windfall,trading,tom,prices,health,company,price,stock
senators,sessions,probe,trump,jeff,bharara,explain,firing,asked,investigation,preet,letter,ask,president,democratic,price
colleges,hansen,trump,forprofit,lobbyist,propublicas,regulations,hansens,department,quits,worked,education
america,central,putins,union,soviet,russia,ortega,managua,fought,russian,military,cold,nicaraguan,nicaragua,war
shut,spending,support,republicans,threatening,budget,looming,deadline,ryan,measure,lawmakers,republican,democrats,trumps
